Workbook

Sheet Produto
A1: id | B1: descricao | D1: INSERT | F1: Obs
A2: FG100 | B2: Finished Good 100 | D2: ="INSERT INTO produto ("&A$1&", "&B$1&") VALUES ('"&A2&"','"&B2&"');" -> INSERT INTO produto (id, descricao) VALUES ('FG100','Finished Good 100'); | F2: DC 01 armazena produtos FG100 e FG101
A3: FG101 | B3: Finished Good 101 | D3: ="INSERT INTO produto ("&A$1&", "&B$1&") VALUES ('"&A3&"','"&B3&"');" -> INSERT INTO produto (id, descricao) VALUES ('FG101','Finished Good 101'); | F3: DC 02 armazena produtos FG102 e FG103
A4: FG102 | B4: Finished Good 102 | D4: ="INSERT INTO produto ("&A$1&", "&B$1&") VALUES ('"&A4&"','"&B4&"');" -> INSERT INTO produto (id, descricao) VALUES ('FG102','Finished Good 102'); | F4: DC 03 armazena produtos FG100 e FG101
A5: FG103 | B5: Finished Good 103 | D5: ="INSERT INTO produto ("&A$1&", "&B$1&") VALUES ('"&A5&"','"&B5&"');" -> INSERT INTO produto (id, descricao) VALUES ('FG103','Finished Good 103'); | F5: STO 04 só consome produtos oriundos DC01 e DC03
A6: WP200 | B6: Work in Process 200 | D6: ="INSERT INTO produto ("&A$1&", "&B$1&") VALUES ('"&A6&"','"&B6&"');" -> INSERT INTO produto (id, descricao) VALUES ('WP200','Work in Process 200'); | F6: RM 303 produzido pela fábrica FAC02. É enviado para o fornecedor que retorna por sua vez com WP202, a ser usado para o FG103
A7: WP201 | B7: Work in Process 201 | D7: ="INSERT INTO produto ("&A$1&", "&B$1&") VALUES ('"&A7&"','"&B7&"');" -> INSERT INTO produto (id, descricao) VALUES ('WP201','Work in Process 201');
A8: WP202 | B8: Work in Process 202 | D8: ="INSERT INTO produto ("&A$1&", "&B$1&") VALUES ('"&A8&"','"&B8&"');" -> INSERT INTO produto (id, descricao) VALUES ('WP202','Work in Process 202');
A9: RM300 | B9: Raw Material 300 | D9: ="INSERT INTO produto ("&A$1&", "&B$1&") VALUES ('"&A9&"','"&B9&"');" -> INSERT INTO produto (id, descricao) VALUES ('RM300','Raw Material 300');
A10: RM301 | B10: Raw Material 301 | D10: ="INSERT INTO produto ("&A$1&", "&B$1&") VALUES ('"&A10&"','"&B10&"');" -> INSERT INTO produto (id, descricao) VALUES ('RM301','Raw Material 301');
A11: RM302 | B11: Raw Material 302 | D11: ="INSERT INTO produto ("&A$1&", "&B$1&") VALUES ('"&A11&"','"&B11&"');" -> INSERT INTO produto (id, descricao) VALUES ('RM302','Raw Material 302');
A12: RM303 | B12: Raw Material 303 | D12: ="INSERT INTO produto ("&A$1&", "&B$1&") VALUES ('"&A12&"','"&B12&"');" -> INSERT INTO produto (id, descricao) VALUES ('RM303','Raw Material 303');

Sheet ClusterLocations
A1: id | B1: descricao | D1: INSERT
A2: 1 | B2: Store Cluster | D2: ="INSERT INTO cluster_locations ("&A$1&", "&B$1&") VALUES ('"&A2&"','"&B2&"');" -> INSERT INTO cluster_locations (id, descricao) VALUES ('1','Store Cluster');
A3: 2 | B3: DCs Cluster | D3: ="INSERT INTO cluster_locations ("&A$1&", "&B$1&") VALUES ('"&A3&"','"&B3&"');" -> INSERT INTO cluster_locations (id, descricao) VALUES ('2','DCs Cluster');
A4: 3 | B4: Factory Cluster | D4: ="INSERT INTO cluster_locations ("&A$1&", "&B$1&") VALUES ('"&A4&"','"&B4&"');" -> INSERT INTO cluster_locations (id, descricao) VALUES ('3','Factory Cluster');
A5: 4 | B5: Supplier Cluster | D5: ="INSERT INTO cluster_locations ("&A$1&", "&B$1&") VALUES ('"&A5&"','"&B5&"');" -> INSERT INTO cluster_locations (id, descricao) VALUES ('4','Supplier Cluster');

Sheet Location
A1: id | B1: descricao | C1: cluster_locations_id | E1: INSERT | G1: Obs
A2: STO01 | B2: Store 01 | C2: 1 | E2: ="INSERT INTO location ("&A$1&", "&B$1&","&C$1&") VALUES ('"&A2&"','"&B2&"','"&C2&"');" -> INSERT INTO location (id, descricao,cluster_locations_id) VALUES ('STO01','Store 01','1'); | G2: DC 01 armazena produtos FG100 e FG101
A3: STO02 | B3: Store 02 | C3: 1 | E3: ="INSERT INTO location ("&A$1&", "&B$1&","&C$1&") VALUES ('"&A3&"','"&B3&"','"&C3&"');" -> INSERT INTO location (id, descricao,cluster_locations_id) VALUES ('STO02','Store 02','1'); | G3: DC 02 armazena produtos FG102 e FG103
A4: STO03 | B4: Store 03 | C4: 1 | E4: ="INSERT INTO location ("&A$1&", "&B$1&","&C$1&") VALUES ('"&A4&"','"&B4&"','"&C4&"');" -> INSERT INTO location (id, descricao,cluster_locations_id) VALUES ('STO03','Store 03','1'); | G4: DC 03 armazena produtos FG100 e FG101
A5: STO04 | B5: Store 04 | C5: 1 | E5: ="INSERT INTO location ("&A$1&", "&B$1&","&C$1&") VALUES ('"&A5&"','"&B5&"','"&C5&"');" -> INSERT INTO location (id, descricao,cluster_locations_id) VALUES ('STO04','Store 04','1'); | G5: STO 04 só consome produtos oriundos DC01 e DC03
A6: DC01 | B6: DC 01 | C6: 2 | E6: ="INSERT INTO location ("&A$1&", "&B$1&","&C$1&") VALUES ('"&A6&"','"&B6&"','"&C6&"');" -> INSERT INTO location (id, descricao,cluster_locations_id) VALUES ('DC01','DC 01','2'); | G6: RM 303 produzido pela fábrica FAC02. É enviado para o fornecedor que retorna por sua vez com WP202, a ser usado para o FG103
A7: DC02 | B7: DC 02 | C7: 2 | E7: ="INSERT INTO location ("&A$1&", "&B$1&","&C$1&") VALUES ('"&A7&"','"&B7&"','"&C7&"');" -> INSERT INTO location (id, descricao,cluster_locations_id) VALUES ('DC02','DC 02','2');
A8: DC03 | B8: DC 03 | C8: 2 | E8: ="INSERT INTO location ("&A$1&", "&B$1&","&C$1&") VALUES ('"&A8&"','"&B8&"','"&C8&"');" -> INSERT INTO location (id, descricao,cluster_locations_id) VALUES ('DC03','DC 03','2');
A9: FAC01 | B9: Factory 01 | C9: 3 | E9: ="INSERT INTO location ("&A$1&", "&B$1&","&C$1&") VALUES ('"&A9&"','"&B9&"','"&C9&"');" -> INSERT INTO location (id, descricao,cluster_locations_id) VALUES ('FAC01','Factory 01','3');
A10: FAC02 | B10: Factory 02 | C10: 3 | E10: ="INSERT INTO location ("&A$1&", "&B$1&","&C$1&") VALUES ('"&A10&"','"&B10&"','"&C10&"');" -> INSERT INTO location (id, descricao,cluster_locations_id) VALUES ('FAC02','Factory 02','3');
A11: FAC03 | B11: Factory 03 | C11: 3 | E11: ="INSERT INTO location ("&A$1&", "&B$1&","&C$1&") VALUES ('"&A11&"','"&B11&"','"&C11&"');" -> INSERT INTO location (id, descricao,cluster_locations_id) VALUES ('FAC03','Factory 03','3');
A12: SUP01 | B12: Supplier 01 | C12: 4 | E12: ="INSERT INTO location ("&A$1&", "&B$1&","&C$1&") VALUES ('"&A12&"','"&B12&"','"&C12&"');" -> INSERT INTO location (id, descricao,cluster_locations_id) VALUES ('SUP01','Supplier 01','4');

Sheet LinhaTransporte
A1: location_origem_id | B1: location_destino_id | C1: lead_time_dias | D1: prioridade | E1: INSERT | G1: Obs
A2: DC01 | B2: STO01 | C2: 1 | D2: 1 | E2: ="INSERT INTO linha_transporte ("&A$1&", "&B$1&","&C$1&","&D$1&") VALUES ('"&A2&"','"&B2&"','"&C2&"','"&D2&"');" -> INSERT INTO linha_transporte (location_origem_id, location_destino_id,lead_time_dias,prioridade) VALUES ('DC01','STO01','1','1'); | G2: DC 01 armazena produtos FG100 e FG101
A3: DC01 | B3: STO02 | C3: 2 | D3: 1 | E3: ="INSERT INTO linha_transporte ("&A$1&", "&B$1&","&C$1&","&D$1&") VALUES ('"&A3&"','"&B3&"','"&C3&"','"&D3&"');" -> INSERT INTO linha_transporte (location_origem_id, location_destino_id,lead_time_dias,prioridade) VALUES ('DC01','STO02','2','1'); | G3: DC 02 armazena produtos FG102 e FG103
A4: DC01 | B4: STO03 | C4: 2 | D4: 1 | E4: ="INSERT INTO linha_transporte ("&A$1&", "&B$1&","&C$1&","&D$1&") VALUES ('"&A4&"','"&B4&"','"&C4&"','"&D4&"');" -> INSERT INTO linha_transporte (location_origem_id, location_destino_id,lead_time_dias,prioridade) VALUES ('DC01','STO03','2','1'); | G4: DC 03 armazena produtos FG100 e FG101
A5: DC01 | B5: STO04 | C5: 1 | D5: 1 | E5: ="INSERT INTO linha_transporte ("&A$1&", "&B$1&","&C$1&","&D$1&") VALUES ('"&A5&"','"&B5&"','"&C5&"','"&D5&"');" -> INSERT INTO linha_transporte (location_origem_id, location_destino_id,lead_time_dias,prioridade) VALUES ('DC01','STO04','1','1'); | G5: STO 04 só consome produtos oriundos DC01 e DC03
A6: DC02 | B6: STO01 | C6: 2 | D6: 1 | E6: ="INSERT INTO linha_transporte ("&A$1&", "&B$1&","&C$1&","&D$1&") VALUES ('"&A6&"','"&B6&"','"&C6&"','"&D6&"');" -> INSERT INTO linha_transporte (location_origem_id, location_destino_id,lead_time_dias,prioridade) VALUES ('DC02','STO01','2','1'); | G6: RM 303 produzido pela fábrica FAC02. É enviado para o fornecedor que retorna por sua vez com WP202, a ser usado para o FG103
A7: DC02 | B7: STO02 | C7: 3 | D7: 1 | E7: ="INSERT INTO linha_transporte ("&A$1&", "&B$1&","&C$1&","&D$1&") VALUES ('"&A7&"','"&B7&"','"&C7&"','"&D7&"');" -> INSERT INTO linha_transporte (location_origem_id, location_destino_id,lead_time_dias,prioridade) VALUES ('DC02','STO02','3','1');
A8: DC02 | B8: STO03 | C8: 3 | D8: 1 | E8: ="INSERT INTO linha_transporte ("&A$1&", "&B$1&","&C$1&","&D$1&") VALUES ('"&A8&"','"&B8&"','"&C8&"','"&D8&"');" -> INSERT INTO linha_transporte (location_origem_id, location_destino_id,lead_time_dias,prioridade) VALUES ('DC02','STO03','3','1');
A9: DC02 | B9: STO04 | C9: 7 | D9: 2 | E9: ="INSERT INTO linha_transporte ("&A$1&", "&B$1&","&C$1&","&D$1&") VALUES ('"&A9&"','"&B9&"','"&C9&"','"&D9&"');" -> INSERT INTO linha_transporte (location_origem_id, location_destino_id,lead_time_dias,prioridade) VALUES ('DC02','STO04','7','2'); | G9: Prioridade 2 : não deveria ser considerada no supply plan, sendo apenas um 'plano b'. STO04 deveria só consumir produtos de DC01 ou DC03
A10: DC03 | B10: STO04 | C10: 1 | D10: 1 | E10: ="INSERT INTO linha_transporte ("&A$1&", "&B$1&","&C$1&","&D$1&") VALUES ('"&A10&"','"&B10&"','"&C10&"','"&D10&"');" -> INSERT INTO linha_transporte (location_origem_id, location_destino_id,lead_time_dias,prioridade) VALUES ('DC03','STO04','1','1');
A11: FAC01 | B11: DC01 | C11: 4 | D11: 1 | E11: ="INSERT INTO linha_transporte ("&A$1&", "&B$1&","&C$1&","&D$1&") VALUES ('"&A11&"','"&B11&"','"&C11&"','"&D11&"');" -> INSERT INTO linha_transporte (location_origem_id, location_destino_id,lead_time_dias,prioridade) VALUES ('FAC01','DC01','4','1');
A12: FAC02 | B12: DC02 | C12: 10 | D12: 1 | E12: ="INSERT INTO linha_transporte ("&A$1&", "&B$1&","&C$1&","&D$1&") VALUES ('"&A12&"','"&B12&"','"&C12&"','"&D12&"');" -> INSERT INTO linha_transporte (location_origem_id, location_destino_id,lead_time_dias,prioridade) VALUES ('FAC02','DC02','10','1');
A13: FAC03 | B13: DC03 | C13: 7 | D13: 1 | E13: ="INSERT INTO linha_transporte ("&A$1&", "&B$1&","&C$1&","&D$1&") VALUES ('"&A13&"','"&B13&"','"&C13&"','"&D13&"');" -> INSERT INTO linha_transporte (location_origem_id, location_destino_id,lead_time_dias,prioridade) VALUES ('FAC03','DC03','7','1');

Sheet DemandPlan
A1: id | B1: descricao | C1: data_inicio_plano | D1: tamanho_bucket | E1: INSERT
A2: 1 | B2: Demand Plan 01 | C2: 43831 | D2: 2 | E2: ="INSERT INTO demand_plan ("&A$1&", "&B$1&","&C$1&","&D$1&") VALUES ('"&A2&"','"&B2&"','"&YEAR(C2)&"-"&MONTH(C2)&"-"&DAY(C2)&"','"&D2&"');" -> INSERT INTO demand_plan (id, descricao,data_inicio_plano,tamanho_bucket) VALUES ('1','Demand Plan 01','2020-1-1','2');

Sheet DemandPlanLinha
A1: demand_plan_id | B1: location_id | C1: produto_id | D1: data_referencia | E1: quantidade_baseline | F1: INSERT
A2: 1 | B2: STO01 | C2: FG100 | D2: 43861 | E2: 5 | F2: ="INSERT INTO demand_plan_linha ("&A$1&","&B$1&", "&C$1&","&D$1&","&E$1&") VALUES ('"&A2&"','"&B2&"','"&C2&"','"&YEAR(D2)&"-"&MONTH(D2)&"-"&DAY(D2)&"','"&E2&"');" -> INSERT INTO demand_plan_linha (demand_plan_id,location_id, produto_id,data_referencia,quantidade_baseline) VALUES ('1','STO01','FG100','2020-1-31','5');
A3: 1 | B3: STO01 | C3: FG101 | D3: 43861 | E3: 5 | F3: ="INSERT INTO demand_plan_linha ("&A$1&","&B$1&", "&C$1&","&D$1&","&E$1&") VALUES ('"&A3&"','"&B3&"','"&C3&"','"&YEAR(D3)&"-"&MONTH(D3)&"-"&DAY(D3)&"','"&E3&"');" -> INSERT INTO demand_plan_linha (demand_plan_id,location_id, produto_id,data_referencia,quantidade_baseline) VALUES ('1','STO01','FG101','2020-1-31','5');
A4: 1 | B4: STO01 | C4: FG102 | D4: 43861 | E4: 5 | F4: ="INSERT INTO demand_plan_linha ("&A$1&","&B$1&", "&C$1&","&D$1&","&E$1&") VALUES ('"&A4&"','"&B4&"','"&C4&"','"&YEAR(D4)&"-"&MONTH(D4)&"-"&DAY(D4)&"','"&E4&"');" -> INSERT INTO demand_plan_linha (demand_plan_id,location_id, produto_id,data_referencia,quantidade_baseline) VALUES ('1','STO01','FG102','2020-1-31','5');
A5: 1 | B5: STO01 | C5: FG103 | D5: 43861 | E5: 5 | F5: ="INSERT INTO demand_plan_linha ("&A$1&","&B$1&", "&C$1&","&D$1&","&E$1&") VALUES ('"&A5&"','"&B5&"','"&C5&"','"&YEAR(D5)&"-"&MONTH(D5)&"-"&DAY(D5)&"','"&E5&"');" -> INSERT INTO demand_plan_linha (demand_plan_id,location_id, produto_id,data_referencia,quantidade_baseline) VALUES ('1','STO01','FG103','2020-1-31','5');
A6: 1 | B6: STO01 | C6: FG100 | D6: 43890 | E6: 5 | F6: ="INSERT INTO demand_plan_linha ("&A$1&","&B$1&", "&C$1&","&D$1&","&E$1&") VALUES ('"&A6&"','"&B6&"','"&C6&"','"&YEAR(D6)&"-"&MONTH(D6)&"-"&DAY(D6)&"','"&E6&"');" -> INSERT INTO demand_plan_linha (demand_plan_id,location_id, produto_id,data_referencia,quantidade_baseline) VALUES ('1','STO01','FG100','2020-2-29','5');
A7: 1 | B7: STO01 | C7: FG101 | D7: 43890 | E7: 5 | F7: ="INSERT INTO demand_plan_linha ("&A$1&","&B$1&", "&C$1&","&D$1&","&E$1&") VALUES ('"&A7&"','"&B7&"','"&C7&"','"&YEAR(D7)&"-"&MONTH(D7)&"-"&DAY(D7)&"','"&E7&"');" -> INSERT INTO demand_plan_linha (demand_plan_id,location_id, produto_id,data_referencia,quantidade_baseline) VALUES ('1','STO01','FG101','2020-2-29','5');
A8: 1 | B8: STO01 | C8: FG102 | D8: 43890 | E8: 5 | F8: ="INSERT INTO demand_plan_linha ("&A$1&","&B$1&", "&C$1&","&D$1&","&E$1&") VALUES ('"&A8&"','"&B8&"','"&C8&"','"&YEAR(D8)&"-"&MONTH(D8)&"-"&DAY(D8)&"','"&E8&"');" -> INSERT INTO demand_plan_linha (demand_plan_id,location_id, produto_id,data_referencia,quantidade_baseline) VALUES ('1','STO01','FG102','2020-2-29','5');
A9: 1 | B9: STO01 | C9: FG103 | D9: 43890 | E9: 5 | F9: ="INSERT INTO demand_plan_linha ("&A$1&","&B$1&", "&C$1&","&D$1&","&E$1&") VALUES ('"&A9&"','"&B9&"','"&C9&"','"&YEAR(D9)&"-"&MONTH(D9)&"-"&DAY(D9)&"','"&E9&"');" -> INSERT INTO demand_plan_linha (demand_plan_id,location_id, produto_id,data_referencia,quantidade_baseline) VALUES ('1','STO01','FG103','2020-2-29','5');
A10: 1 | B10: STO01 | C10: FG100 | D10: 43921 | E10: 5 | F10: ="INSERT INTO demand_plan_linha ("&A$1&","&B$1&", "&C$1&","&D$1&","&E$1&") VALUES ('"&A10&"','"&B10&"','"&C10&"','"&YEAR(D10)&"-"&MONTH(D10)&"-"&DAY(D10)&"','"&E10&"');" -> INSERT INTO demand_plan_linha (demand_plan_id,location_id, produto_id,data_referencia,quantidade_baseline) VALUES ('1','STO01','FG100','2020-3-31','5');
A11: 1 | B11: STO01 | C11: FG101 | D11: 43921 | E11: 5 | F11: ="INSERT INTO demand_plan_linha ("&A$1&","&B$1&", "&C$1&","&D$1&","&E$1&") VALUES ('"&A11&"','"&B11&"','"&C11&"','"&YEAR(D11)&"-"&MONTH(D11)&"-"&DAY(D11)&"','"&E11&"');" -> INSERT INTO demand_plan_linha (demand_plan_id,location_id, produto_id,data_referencia,quantidade_baseline) VALUES ('1','STO01','FG101','2020-3-31','5');
A12: 1 | B12: STO01 | C12: FG102 | D12: 43921 | E12: 5 | F12: ="INSERT INTO demand_plan_linha ("&A$1&","&B$1&", "&C$1&","&D$1&","&E$1&") VALUES ('"&A12&"','"&B12&"','"&C12&"','"&YEAR(D12)&"-"&MONTH(D12)&"-"&DAY(D12)&"','"&E12&"');" -> INSERT INTO demand_plan_linha (demand_plan_id,location_id, produto_id,data_referencia,quantidade_baseline) VALUES ('1','STO01','FG102','2020-3-31','5');
A13: 1 | B13: STO01 | C13: FG103 | D13: 43921 | E13: 5 | F13: ="INSERT INTO demand_plan_linha ("&A$1&","&B$1&", "&C$1&","&D$1&","&E$1&") VALUES ('"&A13&"','"&B13&"','"&C13&"','"&YEAR(D13)&"-"&MONTH(D13)&"-"&DAY(D13)&"','"&E13&"');" -> INSERT INTO demand_plan_linha (demand_plan_id,location_id, produto_id,data_referencia,quantidade_baseline) VALUES ('1','STO01','FG103','2020-3-31','5');
... A49: 1 | B49: STO04 | C49: FG103 | D49: 43921 | E49: 20 | F49: ="INSERT INTO demand_plan_linha ("&A$1&","&B$1&", "&C$1&","&D$1&","&E$1&") VALUES ('"&A49&"','"&B49&"','"&C49&"','"&YEAR(D49)&"-"&MONTH(D49)&"-"&DAY(D49)&"','"&E49&"');" -> INSERT INTO demand_plan_linha (demand_plan_id,location_id, produto_id,data_referencia,quantidade_baseline) VALUES ('1','STO04','FG103','2020-3-31','20');

Sheet Estoque
A1: location_id | B1: produto_id | C1: data_referencia | D1: quantidade | F1: INSERT | H1: Obs
A2: STO01 | B2: FG100 | C2: 43830 | D2: 3 | F2: ="INSERT INTO estoque ("&A$1&","&B$1&", "&C$1&","&D$1&") VALUES ('"&A2&"','"&B2&"','"&YEAR(C2)&"-"&MONTH(C2)&"-"&DAY(C2)&"','"&D2&"');" -> INSERT INTO estoque (location_id,produto_id, data_referencia,quantidade) VALUES ('STO01','FG100','2019-12-31','3'); | H2: DC 01 armazena produtos FG100 e FG101
A3: STO01 | B3: FG101 | C3: 43830 | D3: 3 | F3: ="INSERT INTO estoque ("&A$1&","&B$1&", "&C$1&","&D$1&") VALUES ('"&A3&"','"&B3&"','"&YEAR(C3)&"-"&MONTH(C3)&"-"&DAY(C3)&"','"&D3&"');" -> INSERT INTO estoque (location_id,produto_id, data_referencia,quantidade) VALUES ('STO01','FG101','2019-12-31','3'); | H3: DC 02 armazena produtos FG102 e FG103
A4: STO01 | B4: FG102 | C4: 43830 | D4: 3 | F4: ="INSERT INTO estoque ("&A$1&","&B$1&", "&C$1&","&D$1&") VALUES ('"&A4&"','"&B4&"','"&YEAR(C4)&"-"&MONTH(C4)&"-"&DAY(C4)&"','"&D4&"');" -> INSERT INTO estoque (location_id,produto_id, data_referencia,quantidade) VALUES ('STO01','FG102','2019-12-31','3'); | H4: DC 03 armazena produtos FG100 e FG101
A5: STO01 | B5: FG103 | C5: 43830 | D5: 3 | F5: ="INSERT INTO estoque ("&A$1&","&B$1&", "&C$1&","&D$1&") VALUES ('"&A5&"','"&B5&"','"&YEAR(C5)&"-"&MONTH(C5)&"-"&DAY(C5)&"','"&D5&"');" -> INSERT INTO estoque (location_id,produto_id, data_referencia,quantidade) VALUES ('STO01','FG103','2019-12-31','3'); | H5: STO 04 só consome produtos oriundos DC01 e DC03
A6: STO02 | B6: FG100 | C6: 43830 | D6: 7 | F6: ="INSERT INTO estoque ("&A$1&","&B$1&", "&C$1&","&D$1&") VALUES ('"&A6&"','"&B6&"','"&YEAR(C6)&"-"&MONTH(C6)&"-"&DAY(C6)&"','"&D6&"');" -> INSERT INTO estoque (location_id,produto_id, data_referencia,quantidade) VALUES ('STO02','FG100','2019-12-31','7'); | H6: RM 303 produzido pela fábrica FAC02. É enviado para o fornecedor que retorna por sua vez com WP202, a ser usado para o FG103
A7: STO02 | B7: FG101 | C7: 43830 | D7: 7 | F7: ="INSERT INTO estoque ("&A$1&","&B$1&", "&C$1&","&D$1&") VALUES ('"&A7&"','"&B7&"','"&YEAR(C7)&"-"&MONTH(C7)&"-"&DAY(C7)&"','"&D7&"');" -> INSERT INTO estoque (location_id,produto_id, data_referencia,quantidade) VALUES ('STO02','FG101','2019-12-31','7');
A8: STO02 | B8: FG102 | C8: 43830 | D8: 7 | F8: ="INSERT INTO estoque ("&A$1&","&B$1&", "&C$1&","&D$1&") VALUES ('"&A8&"','"&B8&"','"&YEAR(C8)&"-"&MONTH(C8)&"-"&DAY(C8)&"','"&D8&"');" -> INSERT INTO estoque (location_id,produto_id, data_referencia,quantidade) VALUES ('STO02','FG102','2019-12-31','7');
A9: STO02 | B9: FG103 | C9: 43830 | D9: 7 | F9: ="INSERT INTO estoque ("&A$1&","&B$1&", "&C$1&","&D$1&") VALUES ('"&A9&"','"&B9&"','"&YEAR(C9)&"-"&MONTH(C9)&"-"&DAY(C9)&"','"&D9&"');" -> INSERT INTO estoque (location_id,produto_id, data_referencia,quantidade) VALUES ('STO02','FG103','2019-12-31','7');
A10: STO03 | B10: FG100 | C10: 43830 | D10: 9 | F10: ="INSERT INTO estoque ("&A$1&","&B$1&", "&C$1&","&D$1&") VALUES ('"&A10&"','"&B10&"','"&YEAR(C10)&"-"&MONTH(C10)&"-"&DAY(C10)&"','"&D10&"');" -> INSERT INTO estoque (location_id,produto_id, data_referencia,quantidade) VALUES ('STO03','FG100','2019-12-31','9');
A11: STO03 | B11: FG101 | C11: 43830 | D11: 9 | F11: ="INSERT INTO estoque ("&A$1&","&B$1&", "&C$1&","&D$1&") VALUES ('"&A11&"','"&B11&"','"&YEAR(C11)&"-"&MONTH(C11)&"-"&DAY(C11)&"','"&D11&"');" -> INSERT INTO estoque (location_id,produto_id, data_referencia,quantidade) VALUES ('STO03','FG101','2019-12-31','9');
A12: STO03 | B12: FG102 | C12: 43830 | D12: 9 | F12: ="INSERT INTO estoque ("&A$1&","&B$1&", "&C$1&","&D$1&") VALUES ('"&A12&"','"&B12&"','"&YEAR(C12)&"-"&MONTH(C12)&"-"&DAY(C12)&"','"&D12&"');" -> INSERT INTO estoque (location_id,produto_id, data_referencia,quantidade) VALUES ('STO03','FG102','2019-12-31','9');
A13: STO03 | B13: FG103 | C13: 43830 | D13: 9 | F13: ="INSERT INTO estoque ("&A$1&","&B$1&", "&C$1&","&D$1&") VALUES ('"&A13&"','"&B13&"','"&YEAR(C13)&"-"&MONTH(C13)&"-"&DAY(C13)&"','"&D13&"');" -> INSERT INTO estoque (location_id,produto_id, data_referencia,quantidade) VALUES ('STO03','FG103','2019-12-31','9');
A14: STO04 | B14: FG100 | C14: 43830 | D14: 12 | F14: ="INSERT INTO estoque ("&A$1&","&B$1&", "&C$1&","&D$1&") VALUES ('"&A14&"','"&B14&"','"&YEAR(C14)&"-"&MONTH(C14)&"-"&DAY(C14)&"','"&D14&"');" -> INSERT INTO estoque (location_id,produto_id, data_referencia,quantidade) VALUES ('STO04','FG100','2019-12-31','12');
A15: STO04 | B15: FG101 | C15: 43830 | D15: 12 | F15: ="INSERT INTO estoque ("&A$1&","&B$1&", "&C$1&","&D$1&") VALUES ('"&A15&"','"&B15&"','"&YEAR(C15)&"-"&MONTH(C15)&"-"&DAY(C15)&"','"&D15&"');" -> INSERT INTO estoque (location_id,produto_id, data_referencia,quantidade) VALUES ('STO04','FG101','2019-12-31','12');
A16: STO04 | B16: FG102 | C16: 43830 | D16: 12 | F16: ="INSERT INTO estoque ("&A$1&","&B$1&", "&C$1&","&D$1&") VALUES ('"&A16&"','"&B16&"','"&YEAR(C16)&"-"&MONTH(C16)&"-"&DAY(C16)&"','"&D16&"');" -> INSERT INTO estoque (location_id,produto_id, data_referencia,quantidade) VALUES ('STO04','FG102','2019-12-31','12');
A17: STO04 | B17: FG103 | C17: 43830 | D17: 12 | F17: ="INSERT INTO estoque ("&A$1&","&B$1&", "&C$1&","&D$1&") VALUES ('"&A17&"','"&B17&"','"&YEAR(C17)&"-"&MONTH(C17)&"-"&DAY(C17)&"','"&D17&"');" -> INSERT INTO estoque (location_id,produto_id, data_referencia,quantidade) VALUES ('STO04','FG103','2019-12-31','12');
A18: DC01 | B18: FG100 | C18: 43830 | D18: 4 | F18: ="INSERT INTO estoque ("&A$1&","&B$1&", "&C$1&","&D$1&") VALUES ('"&A18&"','"&B18&"','"&YEAR(C18)&"-"&MONTH(C18)&"-"&DAY(C18)&"','"&D18&"');" -> INSERT INTO estoque (location_id,produto_id, data_referencia,quantidade) VALUES ('DC01','FG100','2019-12-31','4');
... A23: DC03 | B23: FG101 | C23: 43830 | D23: 6 | F23: ="INSERT INTO estoque ("&A$1&","&B$1&", "&C$1&","&D$1&") VALUES ('"&A23&"','"&B23&"','"&YEAR(C23)&"-"&MONTH(C23)&"-"&DAY(C23)&"','"&D23&"');" -> INSERT INTO estoque (location_id,produto_id, data_referencia,quantidade) VALUES ('DC03','FG101','2019-12-31','6');

Sheet ListaTecnica
A1: id | B1: material_output_id | C1: descricao | E1: INSERT
A2: LT100 | B2: FG100 | C2: LT FG100 | E2: ="INSERT INTO lista_tecnica ("&A$1&", "&B$1&","&C$1&") VALUES ('"&A2&"','"&B2&"','"&C2&"');" -> INSERT INTO lista_tecnica (id, material_output_id,descricao) VALUES ('LT100','FG100','LT FG100'); | H2: RM 303 produzido pela fábrica FAC02. É enviado para o fornecedor que retorna por sua vez com WP202, a ser usado para o FG103
A3: LT101 | B3: FG101 | C3: LT FG101 | E3: ="INSERT INTO lista_tecnica ("&A$1&", "&B$1&","&C$1&") VALUES ('"&A3&"','"&B3&"','"&C3&"');" -> INSERT INTO lista_tecnica (id, material_output_id,descricao) VALUES ('LT101','FG101','LT FG101');
A4: LT102 | B4: FG102 | C4: LT FG102 | E4: ="INSERT INTO lista_tecnica ("&A$1&", "&B$1&","&C$1&") VALUES ('"&A4&"','"&B4&"','"&C4&"');" -> INSERT INTO lista_tecnica (id, material_output_id,descricao) VALUES ('LT102','FG102','LT FG102');
A5: LT103 | B5: FG103 | C5: LT FG103 | E5: ="INSERT INTO lista_tecnica ("&A$1&", "&B$1&","&C$1&") VALUES ('"&A5&"','"&B5&"','"&C5&"');" -> INSERT INTO lista_tecnica (id, material_output_id,descricao) VALUES ('LT103','FG103','LT FG103');
A6: LT200 | B6: WP200 | C6: LT WP200 | E6: ="INSERT INTO lista_tecnica ("&A$1&", "&B$1&","&C$1&") VALUES ('"&A6&"','"&B6&"','"&C6&"');" -> INSERT INTO lista_tecnica (id, material_output_id,descricao) VALUES ('LT200','WP200','LT WP200');
A7: LT201 | B7: WP201 | C7: LT WP201 | E7: ="INSERT INTO lista_tecnica ("&A$1&", "&B$1&","&C$1&") VALUES ('"&A7&"','"&B7&"','"&C7&"');" -> INSERT INTO lista_tecnica (id, material_output_id,descricao) VALUES ('LT201','WP201','LT WP201');
A8: LT202 | B8: WP202 | C8: LT WP202 | E8: ="INSERT INTO lista_tecnica ("&A$1&", "&B$1&","&C$1&") VALUES ('"&A8&"','"&B8&"','"&C8&"');" -> INSERT INTO lista_tecnica (id, material_output_id,descricao) VALUES ('LT202','WP202','LT WP202');
A9: LT303 | B9: RM303 | C9: LT RM303 | E9: ="INSERT INTO lista_tecnica ("&A$1&", "&B$1&","&C$1&") VALUES ('"&A9&"','"&B9&"','"&C9&"');" -> INSERT INTO lista_tecnica (id, material_output_id,descricao) VALUES ('LT303','RM303','LT RM303');

Sheet ListaTecnicaComponente
A1: lista_tecnica_id | B1: material_componente_id | C1: quantidade | E1: INSERT
A2: LT100 | B2: WP200 | C2: 2 | E2: ="INSERT INTO lista_tecnica_componente ("&A$1&", "&B$1&","&C$1&") VALUES ('"&A2&"','"&B2&"','"&C2&"');" -> INSERT INTO lista_tecnica_componente (lista_tecnica_id, material_componente_id,quantidade) VALUES ('LT100','WP200','2'); | H2: RM 303 produzido pela fábrica FAC02. É enviado para o fornecedor que retorna por sua vez com WP202, a ser usado para o FG103
A3: LT101 | B3: WP200 | C3: 2 | E3: ="INSERT INTO lista_tecnica_componente ("&A$1&", "&B$1&","&C$1&") VALUES ('"&A3&"','"&B3&"','"&C3&"');" -> INSERT INTO lista_tecnica_componente (lista_tecnica_id, material_componente_id,quantidade) VALUES ('LT101','WP200','2');
A4: LT102 | B4: WP201 | C4: 3 | E4: ="INSERT INTO lista_tecnica_componente ("&A$1&", "&B$1&","&C$1&") VALUES ('"&A4&"','"&B4&"','"&C4&"');" -> INSERT INTO lista_tecnica_componente (lista_tecnica_id, material_componente_id,quantidade) VALUES ('LT102','WP201','3');
A5: LT103 | B5: WP202 | C5: 1.2 | E5: ="INSERT INTO lista_tecnica_componente ("&A$1&", "&B$1&","&C$1&") VALUES ('"&A5&"','"&B5&"','"&C5&"');" -> INSERT INTO lista_tecnica_componente (lista_tecnica_id, material_componente_id,quantidade) VALUES ('LT103','WP202','1.2');
A6: LT200 | B6: RM301 | C6: 1 | E6: ="INSERT INTO lista_tecnica_componente ("&A$1&", "&B$1&","&C$1&") VALUES ('"&A6&"','"&B6&"','"&C6&"');" -> INSERT INTO lista_tecnica_componente (lista_tecnica_id, material_componente_id,quantidade) VALUES ('LT200','RM301','1');
A7: LT201 | B7: RM302 | C7: 1 | E7: ="INSERT INTO lista_tecnica_componente ("&A$1&", "&B$1&","&C$1&") VALUES ('"&A7&"','"&B7&"','"&C7&"');" -> INSERT INTO lista_tecnica_componente (lista_tecnica_id, material_componente_id,quantidade) VALUES ('LT201','RM302','1');
A8: LT202 | B8: RM303 | C8: 2 | E8: ="INSERT INTO lista_tecnica_componente ("&A$1&", "&B$1&","&C$1&") VALUES ('"&A8&"','"&B8&"','"&C8&"');" -> INSERT INTO lista_tecnica_componente (lista_tecnica_id, material_componente_id,quantidade) VALUES ('LT202','RM303','2');
A9: LT303 | B9: RM302 | C9: 1 | E9: ="INSERT INTO lista_tecnica_componente ("&A$1&", "&B$1&","&C$1&") VALUES ('"&A9&"','"&B9&"','"&C9&"');" -> INSERT INTO lista_tecnica_componente (lista_tecnica_id, material_componente_id,quantidade) VALUES ('LT303','RM302','1');
A10: LT303 | B10: RM301 | C10: 0.5 | E10: ="INSERT INTO lista_tecnica_componente ("&A$1&", "&B$1&","&C$1&") VALUES ('"&A10&"','"&B10&"','"&C10&"');" -> INSERT INTO lista_tecnica_componente (lista_tecnica_id, material_componente_id,quantidade) VALUES ('LT303','RM301','0.5');

Sheet RecursoProdutivo
A1: id | B1: location_id | C1: descricao | E1: INSERT
A2: RP001 | B2: FAC001 | C2: Resource 01 - FAC001 | E2: ="INSERT INTO recurso_produtivo ("&A$1&", "&B$1&","&C$1&") VALUES ('"&A2&"','"&B2&"','"&C2&"');" -> INSERT INTO recurso_produtivo (id, location_id,descricao) VALUES ('RP001','FAC001','Resource 01 - FAC001');
A3: RP002 | B3: FAC001 | C3: Resource 02 - FAC001 | E3: ="INSERT INTO recurso_produtivo ("&A$1&", "&B$1&","&C$1&") VALUES ('"&A3&"','"&B3&"','"&C3&"');" -> INSERT INTO recurso_produtivo (id, location_id,descricao) VALUES ('RP002','FAC001','Resource 02 - FAC001');
A4: RP003 | B4: FAC002 | C4: Resource 01 - FAC002 | E4: ="INSERT INTO recurso_produtivo ("&A$1&", "&B$1&","&C$1&") VALUES ('"&A4&"','"&B4&"','"&C4&"');" -> INSERT INTO recurso_produtivo (id, location_id,descricao) VALUES ('RP003','FAC002','Resource 01 - FAC002');
A5: RP004 | B5: FAC003 | C5: Resource 01 - FAC003 | E5: ="INSERT INTO recurso_produtivo ("&A$1&", "&B$1&","&C$1&") VALUES ('"&A5&"','"&B5&"','"&C5&"');" -> INSERT INTO recurso_produtivo (id, location_id,descricao) VALUES ('RP004','FAC003','Resource 01 - FAC003');
A6: RP005 | B6: SUP001 | C6: Resource 01 - SUP001 | E6: ="INSERT INTO recurso_produtivo ("&A$1&", "&B$1&","&C$1&") VALUES ('"&A6&"','"&B6&"','"&C6&"');" -> INSERT INTO recurso_produtivo (id, location_id,descricao) VALUES ('RP005','SUP001','Resource 01 - SUP001');

Sheet ReceitaProducao
A1: id | B1: descricao | C1: prioridade | E1: INSERT
A2: 1 | B2: =VLOOKUP(A2,ReceitaProducaoOperacao!$B$2:$K$18,10,FALSE) -> FG100 - FAC01 - Recurso 1 | C2: 1 | E2: ="INSERT INTO receita_producao ("&A$1&", "&B$1&","&C$1&") VALUES ('"&A2&"','"&B2&"','"&C2&"');" -> INSERT INTO receita_producao (id, descricao,prioridade) VALUES ('1','FG100 - FAC01 - Recurso 1','1');
A3: 2 | B3: =VLOOKUP(A3,ReceitaProducaoOperacao!$B$2:$K$18,10,FALSE) -> FG100 - FAC01 - Recurso 2 | C3: 2 | E3: ="INSERT INTO receita_producao ("&A$1&", "&B$1&","&C$1&") VALUES ('"&A3&"','"&B3&"','"&C3&"');" -> INSERT INTO receita_producao (id, descricao,prioridade) VALUES ('2','FG100 - FAC01 - Recurso 2','2');
A4: 3 | B4: =VLOOKUP(A4,ReceitaProducaoOperacao!$B$2:$K$18,10,FALSE) -> FG100 - FAC03 - Recurso 1 | C4: 1 | E4: ="INSERT INTO receita_producao ("&A$1&", "&B$1&","&C$1&") VALUES ('"&A4&"','"&B4&"','"&C4&"');" -> INSERT INTO receita_producao (id, descricao,prioridade) VALUES ('3','FG100 - FAC03 - Recurso 1','1');
A5: 4 | B5: =VLOOKUP(A5,ReceitaProducaoOperacao!$B$2:$K$18,10,FALSE) -> FG101 - FAC01 - Recurso 1 | C5: 1 | E5: ="INSERT INTO receita_producao ("&A$1&", "&B$1&","&C$1&") VALUES ('"&A5&"','"&B5&"','"&C5&"');" -> INSERT INTO receita_producao (id, descricao,prioridade) VALUES ('4','FG101 - FAC01 - Recurso 1','1');
A6: 5 | B6: =VLOOKUP(A6,ReceitaProducaoOperacao!$B$2:$K$18,10,FALSE) -> FG101 - FAC03 - Recurso 1 | C6: 1 | E6: ="INSERT INTO receita_producao ("&A$1&", "&B$1&","&C$1&") VALUES ('"&A6&"','"&B6&"','"&C6&"');" -> INSERT INTO receita_producao (id, descricao,prioridade) VALUES ('5','FG101 - FAC03 - Recurso 1','1');
A7: 6 | B7: =VLOOKUP(A7,ReceitaProducaoOperacao!$B$2:$K$18,10,FALSE) -> FG102 - FAC02 - Recurso1 | C7: 1 | E7: ="INSERT INTO receita_producao ("&A$1&", "&B$1&","&C$1&") VALUES ('"&A7&"','"&B7&"','"&C7&"');" -> INSERT INTO receita_producao (id, descricao,prioridade) VALUES ('6','FG102 - FAC02 - Recurso1','1');
A8: 7 | B8: =VLOOKUP(A8,ReceitaProducaoOperacao!$B$2:$K$18,10,FALSE) -> FG103 - FAC02 - Recurso1 | C8: 1 | E8: ="INSERT INTO receita_producao ("&A$1&", "&B$1&","&C$1&") VALUES ('"&A8&"','"&B8&"','"&C8&"');" -> INSERT INTO receita_producao (id, descricao,prioridade) VALUES ('7','FG103 - FAC02 - Recurso1','1');
A9: 8 | B9: =VLOOKUP(A9,ReceitaProducaoOperacao!$B$2:$K$18,10,FALSE) -> RM301 - SUP01 - Recurso 1 | C9: 1 | E9: ="INSERT INTO receita_producao ("&A$1&", "&B$1&","&C$1&") VALUES ('"&A9&"','"&B9&"','"&C9&"');" -> INSERT INTO receita_producao (id, descricao,prioridade) VALUES ('8','RM301 - SUP01 - Recurso 1','1');
A10: 9 | B10: =VLOOKUP(A10,ReceitaProducaoOperacao!$B$2:$K$18,10,FALSE) -> RM302 - SUP01 - Recurso 1 | C10: 1 | E10: ="INSERT INTO receita_producao ("&A$1&", "&B$1&","&C$1&") VALUES ('"&A10&"','"&B10&"','"&C10&"');" -> INSERT INTO receita_producao (id, descricao,prioridade) VALUES ('9','RM302 - SUP01 - Recurso 1','1');
A11: 10 | B11: =VLOOKUP(A11,ReceitaProducaoOperacao!$B$2:$K$18,10,FALSE) -> RM303 - FAC02 - Recurso 1 | C11: 1 | E11: ="INSERT INTO receita_producao ("&A$1&", "&B$1&","&C$1&") VALUES ('"&A11&"','"&B11&"','"&C11&"');" -> INSERT INTO receita_producao (id, descricao,prioridade) VALUES ('10','RM303 - FAC02 - Recurso 1','1');
A12: 11 | B12: =VLOOKUP(A12,ReceitaProducaoOperacao!$B$2:$K$18,10,FALSE) -> WP202 - SUP01 - Recurso 1 | C12: 1 | E12: ="INSERT INTO receita_producao ("&A$1&", "&B$1&","&C$1&") VALUES ('"&A12&"','"&B12&"','"&C12&"');" -> INSERT INTO receita_producao (id, descricao,prioridade) VALUES ('11','WP202 - SUP01 - Recurso 1','1');
A13: 12 | B13: =VLOOKUP(A13,ReceitaProducaoOperacao!$B$2:$K$18,10,FALSE) -> WP201 - FAC02 - Recurso 1 | C13: 1 | E13: ="INSERT INTO receita_producao ("&A$1&", "&B$1&","&C$1&") VALUES ('"&A13&"','"&B13&"','"&C13&"');" -> INSERT INTO receita_producao (id, descricao,prioridade) VALUES ('12','WP201 - FAC02 - Recurso 1','1');

Sheet ReceitaProducaoOperacao
A1: posicao_operacao | B1: receita_producao_id | C1: lista_tecnica | D1: recurso_produtivo | E1: quantidade_base | F1: horas_por_quantidade_base | G1: lote_minimo | I1: INSERT
A2: 3 | B2: 1 | C2: LT100 | D2: RP001 | E2: 3 | F2: 36 | G2: 6 | I2: ="INSERT INTO receita_producao_operacao ("&A$1&","&B$1&","&C$1&","&D$1&","&E$1&","&F$1&","&G$1&") VALUES ('"&A2&"','"&B2&"','"&C2&"','"&D2&"','"&E2&"','"&F2&"','"&G2&"');" -> INSERT INTO receita_producao_operacao (posicao_operacao,receita_producao_id,lista_tecnica,recurso_produtivo,quantidade_base,horas_por_quantidade_base,lote_minimo) VALUES ('3','1','LT100','RP001','3','36','6'); | K2: FG100 - FAC01 - Recurso 1
A3: 3 | B3: 2 | C3: LT100 | D3: RP002 | E3: 2 | F3: 36 | G3: 8 | I3: ="INSERT INTO receita_producao_operacao ("&A$1&","&B$1&","&C$1&","&D$1&","&E$1&","&F$1&","&G$1&") VALUES ('"&A3&"','"&B3&"','"&C3&"','"&D3&"','"&E3&"','"&F3&"','"&G3&"');" -> INSERT INTO receita_producao_operacao (posicao_operacao,receita_producao_id,lista_tecnica,recurso_produtivo,quantidade_base,horas_por_quantidade_base,lote_minimo) VALUES ('3','2','LT100','RP002','2','36','8'); | K3: FG100 - FAC01 - Recurso 2
A4: 3 | B4: 3 | C4: LT100 | D4: RP004 | E4: 3 | F4: 36 | G4: 6 | I4: ="INSERT INTO receita_producao_operacao ("&A$1&","&B$1&","&C$1&","&D$1&","&E$1&","&F$1&","&G$1&") VALUES ('"&A4&"','"&B4&"','"&C4&"','"&D4&"','"&E4&"','"&F4&"','"&G4&"');" -> INSERT INTO receita_producao_operacao (posicao_operacao,receita_producao_id,lista_tecnica,recurso_produtivo,quantidade_base,horas_por_quantidade_base,lote_minimo) VALUES ('3','3','LT100','RP004','3','36','6'); | K4: FG100 - FAC03 - Recurso 1
A5: 3 | B5: 4 | C5: LT101 | D5: RP001 | E5: 3 | F5: 36 | G5: 6 | I5: ="INSERT INTO receita_producao_operacao ("&A$1&","&B$1&","&C$1&","&D$1&","&E$1&","&F$1&","&G$1&") VALUES ('"&A5&"','"&B5&"','"&C5&"','"&D5&"','"&E5&"','"&F5&"','"&G5&"');" -> INSERT INTO receita_producao_operacao (posicao_operacao,receita_producao_id,lista_tecnica,recurso_produtivo,quantidade_base,horas_por_quantidade_base,lote_minimo) VALUES ('3','4','LT101','RP001','3','36','6'); | K5: FG101 - FAC01 - Recurso 1
A6: 3 | B6: 5 | C6: LT101 | D6: RP004 | E6: 3 | F6: 36 | G6: 6 | I6: ="INSERT INTO receita_producao_operacao ("&A$1&","&B$1&","&C$1&","&D$1&","&E$1&","&F$1&","&G$1&") VALUES ('"&A6&"','"&B6&"','"&C6&"','"&D6&"','"&E6&"','"&F6&"','"&G6&"');" -> INSERT INTO receita_producao_operacao (posicao_operacao,receita_producao_id,lista_tecnica,recurso_produtivo,quantidade_base,horas_por_quantidade_base,lote_minimo) VALUES ('3','5','LT101','RP004','3','36','6'); | K6: FG101 - FAC03 - Recurso 1
A7: 1 | B7: 6 | C7: LT102 | D7: RP003 | E7: 2 | F7: 36 | G7: 6 | I7: ="INSERT INTO receita_producao_operacao ("&A$1&","&B$1&","&C$1&","&D$1&","&E$1&","&F$1&","&G$1&") VALUES ('"&A7&"','"&B7&"','"&C7&"','"&D7&"','"&E7&"','"&F7&"','"&G7&"');" -> INSERT INTO receita_producao_operacao (posicao_operacao,receita_producao_id,lista_tecnica,recurso_produtivo,quantidade_base,horas_por_quantidade_base,lote_minimo) VALUES ('1','6','LT102','RP003','2','36','6'); | K7: FG102 - FAC02 - Recurso1
A8: 1 | B8: 7 | C8: LT103 | D8: RP003 | E8: 2 | F8: 36 | G8: 6 | I8: ="INSERT INTO receita_producao_operacao ("&A$1&","&B$1&","&C$1&","&D$1&","&E$1&","&F$1&","&G$1&") VALUES ('"&A8&"','"&B8&"','"&C8&"','"&D8&"','"&E8&"','"&F8&"','"&G8&"');" -> INSERT INTO receita_producao_operacao (posicao_operacao,receita_producao_id,lista_tecnica,recurso_produtivo,quantidade_base,horas_por_quantidade_base,lote_minimo) VALUES ('1','7','LT103','RP003','2','36','6'); | K8: FG103 - FAC02 - Recurso1
A9: 1 | B9: 1 | C9: LT200 | D9: RP002 | E9: 2 | F9: 36 | G9: 6 | I9: ="INSERT INTO receita_producao_operacao ("&A$1&","&B$1&","&C$1&","&D$1&","&E$1&","&F$1&","&G$1&") VALUES ('"&A9&"','"&B9&"','"&C9&"','"&D9&"','"&E9&"','"&F9&"','"&G9&"');" -> INSERT INTO receita_producao_operacao (posicao_operacao,receita_producao_id,lista_tecnica,recurso_produtivo,quantidade_base,horas_por_quantidade_base,lote_minimo) VALUES ('1','1','LT200','RP002','2','36','6'); | K9: WP200 - FAC01 - Recurso 2
A10: 1 | B10: 2 | C10: LT200 | D10: RP002 | E10: 2 | F10: 36 | G10: 6 | I10: ="INSERT INTO receita_producao_operacao ("&A$1&","&B$1&","&C$1&","&D$1&","&E$1&","&F$1&","&G$1&") VALUES ('"&A10&"','"&B10&"','"&C10&"','"&D10&"','"&E10&"','"&F10&"','"&G10&"');" -> INSERT INTO receita_producao_operacao (posicao_operacao,receita_producao_id,lista_tecnica,recurso_produtivo,quantidade_base,horas_por_quantidade_base,lote_minimo) VALUES ('1','2','LT200','RP002','2','36','6'); | K10: WP200 - FAC01 - Recurso 2
A11: 1 | B11: 3 | C11: LT200 | D11: RP004 | E11: 2 | F11: 36 | G11: 6 | I11: ="INSERT INTO receita_producao_operacao ("&A$1&","&B$1&","&C$1&","&D$1&","&E$1&","&F$1&","&G$1&") VALUES ('"&A11&"','"&B11&"','"&C11&"','"&D11&"','"&E11&"','"&F11&"','"&G11&"');" -> INSERT INTO receita_producao_operacao (posicao_operacao,receita_producao_id,lista_tecnica,recurso_produtivo,quantidade_base,horas_por_quantidade_base,lote_minimo) VALUES ('1','3','LT200','RP004','2','36','6'); | K11: WP200 - FAC03 - Recurso 1
A12: 2 | B12: 4 | C12: LT200 | D12: RP002 | E12: 2 | F12: 36 | G12: 6 | I12: ="INSERT INTO receita_producao_operacao ("&A$1&","&B$1&","&C$1&","&D$1&","&E$1&","&F$1&","&G$1&") VALUES ('"&A12&"','"&B12&"','"&C12&"','"&D12&"','"&E12&"','"&F12&"','"&G12&"');" -> INSERT INTO receita_producao_operacao (posicao_operacao,receita_producao_id,lista_tecnica,recurso_produtivo,quantidade_base,horas_por_quantidade_base,lote_minimo) VALUES ('2','4','LT200','RP002','2','36','6'); | K12: WP200 - FAC01 - Recurso 2
A13: 2 | B13: 5 | C13: LT200 | D13: RP004 | E13: 2 | F13: 36 | G13: 6 | I13: ="INSERT INTO receita_producao_operacao ("&A$1&","&B$1&","&C$1&","&D$1&","&E$1&","&F$1&","&G$1&") VALUES ('"&A13&"','"&B13&"','"&C13&"','"&D13&"','"&E13&"','"&F13&"','"&G13&"');" -> INSERT INTO receita_producao_operacao (posicao_operacao,receita_producao_id,lista_tecnica,recurso_produtivo,quantidade_base,horas_por_quantidade_base,lote_minimo) VALUES ('2','5','LT200','RP004','2','36','6'); | K13: WP200 - FAC03 - Recurso 1
... A18: 1 | B18: 12 | C18: LT201 | D18: RP003 | E18: 2 | F18: 36 | G18: 6 | I18: ="INSERT INTO receita_producao_operacao ("&A$1&","&B$1&","&C$1&","&D$1&","&E$1&","&F$1&","&G$1&") VALUES ('"&A18&"','"&B18&"','"&C18&"','"&D18&"','"&E18&"','"&F18&"','"&G18&"');" -> INSERT INTO receita_producao_operacao (posicao_operacao,receita_producao_id,lista_tecnica,recurso_produtivo,quantidade_base,horas_por_quantidade_base,lote_minimo) VALUES ('1','12','LT201','RP003','2','36','6'); | K18: WP201 - FAC02 - Recurso 1
